BPCY (r_4041 * r_1589);TargetFlux r_4041 with at least 0.0 of biomass (None);WYIELD biomass: r_4041 product: r_1589 ;;;solution;
0.2494118290499866;0.09435537257902428;1.269405212914334;;{'YJR103W': 16, 'YJL121C': 4, 'YFL058W': 0.125, 'YPL262W': 0.0625, 'YGL148W': 8};;{'r_0279': (2.644694430440478, 10000), 'r_0307': (0.6200417849670024, 10000), 'r_0451': (0, 0.2770336050828123), 'r_0452': (0, 0.031399593531130685), 'r_0984': (7.590387865574882, 10000), 'r_1603': (0, 1.1796541354865085e-07)};
0.09025863584177213;0.09435537257902414;1.319481899633066;;{'YPL262W': 2, 'YGR193C': 0.125, 'YJL121C': 2, 'YFL058W': 0.125, 'YGL148W': 8};;{'r_0279': (2.6446944304404685, 10000), 'r_0451': (8.865075362648621, 10000), 'r_0452': (1.0047869929960638, 10000), 'r_0961': (0, 0.8219188069446969), 'r_0984': (3.795193932787548, 10000), 'r_1603': (0, 1.1796541354865072e-07)};
0.05451302538905028;0.09435537257902483;1.2658271313646685;;{'YPL262W': 2, 'YNL191W': 0, 'YGL148W': 4, 'YFL058W': 0.125, 'YJL121C': 4};;{'r_4171': (0, 0), 'r_0279': (1.322347215220237, 10000), 'r_0451': (8.865075362649916, 10000), 'r_0452': (1.0047869929961406, 10000), 'r_0984': (7.590387865574911, 10000), 'r_1603': (0, 1.1796541354865114e-07)};
0.18512204528589468;0.09435537257902453;1.2658271313646834;;{'YER175C': 32, 'YFL058W': 0.125, 'YKL152C': 0, 'YIL107C': 2, 'YNL333W': 32, 'YPL262W': 2, 'YGL148W': 8, 'YGL196W': 16, 'YJL121C': 4, 'YBR022W': 2};;{'r_0356': 0, 'r_0279': (2.644694430440529, 10000), 'r_0451': (8.86507536264901, 10000), 'r_0452': (1.0047869929961502, 10000), 'r_0984': (7.590387865574716, 10000), 'r_1603': (0, 1.1796541354865093e-07)};
